<NikuDataBus xmlns:xsi="http://www.w3.org/2001/XMLSchema-instance" xsi:noNamespaceSchemaLocation="../xsd/nikuxog_contentPack.xsd">
      <Header action="write" externalSource="NIKU" objectType="contentPack" version="8.0"/>
      <contentPack update="true">
        <objects>
          <object code="obj_sistema" entityCodeAttribute="odf_entity_code" fiscalPeriodTypeAttribute="odf_period_type" pageInstanceType="obj_sistema" pageLayoutAttribute="page_layout" partitionModelCode="partitionModel1" periodEndAttribute="odf_period_end" periodStartAttribute="odf_period_start" raiseEvents="false" source="customer" update="true">
            <nls languageCode="ca" name="Sistema"/>
            <nls languageCode="cs" name="Sistema"/>
            <nls languageCode="da" name="Sistema"/>
            <nls languageCode="de" name="Sistema"/>
            <nls languageCode="en" name="Sistema"/>
            <nls languageCode="es" name="Sistema"/>
            <nls languageCode="fi" name="Sistema"/>
            <nls languageCode="fr" name="Sistema"/>
            <nls languageCode="hu" name="Sistema"/>
            <nls languageCode="it" name="Sistema"/>
            <nls languageCode="ja" name="Sistema"/>
            <nls languageCode="ko" name="Sistema"/>
            <nls languageCode="nl" name="Sistema"/>
            <nls languageCode="no" name="Sistema"/>
            <nls languageCode="pl" name="Sistema"/>
            <nls languageCode="pt" name="Sistema"/>
            <nls languageCode="ru" name="Sistema"/>
            <nls languageCode="sv" name="Sistema"/>
            <nls languageCode="tr" name="Sistema"/>
            <nls languageCode="zh" name="Sistema"/>
            <nls languageCode="zh_TW" name="Sistema"/>
            
            
            <customAttribute active="true" code="status" column="status" constant="false" currencyConnected="false" custom="true" dataSize="30" dataType="string" editable="true" extendedType="lookup" lookupType="CAL_ACTIONITEM_STATUS" multiValued="false" partitionCode="NIKU.ROOT" partitionMode="PARTITION_AND_ANSTRS_DESDNTS" presenceRequired="false" private="false" required="false" unique="false" virtual="false">
              <nls languageCode="ca" name="Status"/>
              <nls languageCode="cs" name="Status"/>
              <nls languageCode="da" name="Status"/>
              <nls languageCode="de" name="Status"/>
              <nls languageCode="en" name="Status"/>
              <nls languageCode="es" name="Status"/>
              <nls languageCode="fi" name="Status"/>
              <nls languageCode="fr" name="Status"/>
              <nls languageCode="hu" name="Status"/>
              <nls languageCode="it" name="Status"/>
              <nls languageCode="ja" name="Status"/>
              <nls languageCode="ko" name="Status"/>
              <nls languageCode="nl" name="Status"/>
              <nls languageCode="no" name="Status"/>
              <nls languageCode="pl" name="Status"/>
              <nls languageCode="pt" name="Status"/>
              <nls languageCode="ru" name="Status"/>
              <nls languageCode="sv" name="Status"/>
              <nls languageCode="tr" name="Status"/>
              <nls languageCode="zh" name="Status"/>
              <nls languageCode="zh_TW" name="Status"/>
            </customAttribute>
            <customAttribute active="true" code="status_novo" column="status_novo" constant="false" currencyConnected="false" custom="true" dataSize="20" dataType="string" editable="true" multiValued="false" partitionCode="NIKU.ROOT" partitionMode="PARTITION_AND_ANSTRS_DESDNTS" presenceRequired="false" private="false" required="false" unique="false" virtual="false">
              <nls languageCode="ca" name="Status novo 2"/>
              <nls languageCode="cs" name="Status novo 2"/>
              <nls languageCode="da" name="Status novo 2"/>
              <nls languageCode="de" name="Status novo 2"/>
              <nls languageCode="en" name="Status novo 2"/>
              <nls languageCode="es" name="Status novo 2"/>
              <nls languageCode="fi" name="Status novo 2"/>
              <nls languageCode="fr" name="Status novo 2"/>
              <nls languageCode="hu" name="Status novo 2"/>
              <nls languageCode="it" name="Status novo 2"/>
              <nls languageCode="ja" name="Status novo 2"/>
              <nls languageCode="ko" name="Status novo 2"/>
              <nls languageCode="nl" name="Status novo 2"/>
              <nls languageCode="no" name="Status novo 2"/>
              <nls languageCode="pl" name="Status novo 2"/>
              <nls languageCode="pt" name="Status novo 2"/>
              <nls languageCode="ru" name="Status novo 2"/>
              <nls languageCode="sv" name="Status novo 2"/>
              <nls languageCode="tr" name="Status novo 2"/>
              <nls languageCode="zh" name="Status novo 2"/>
              <nls languageCode="zh_TW" name="Status novo 2"/>
            </customAttribute>
            
            <links objectCode="obj_sistema">
              <link action="SubPage.5161273.actionLink" active="true" code="obj_sistema.auditoria" isObjectInstanceLink="false" partitionCode="NIKU.ROOT" partitionMode="PARTITION_ONLY" system="true">
                <nls description="Link to Sistema properties Auditoria subpage" languageCode="ca" name="Sistema Auditoria Link"/>
                <nls description="Link to Sistema properties Auditoria subpage" languageCode="cs" name="Sistema Auditoria Link"/>
                <nls description="Link to Sistema properties Auditoria subpage" languageCode="da" name="Sistema Auditoria Link"/>
                <nls description="Link to Sistema properties Auditoria subpage" languageCode="de" name="Sistema Auditoria Link"/>
                <nls description="Link to Sistema properties Auditoria subpage" languageCode="en" name="Sistema Auditoria Link"/>
                <nls description="Link to Sistema properties Auditoria subpage" languageCode="es" name="Sistema Auditoria Link"/>
                <nls description="Link to Sistema properties Auditoria subpage" languageCode="fi" name="Sistema Auditoria Link"/>
                <nls description="Link to Sistema properties Auditoria subpage" languageCode="fr" name="Sistema Auditoria Link"/>
                <nls description="Link to Sistema properties Auditoria subpage" languageCode="hu" name="Sistema Auditoria Link"/>
                <nls description="Link to Sistema properties Auditoria subpage" languageCode="it" name="Sistema Auditoria Link"/>
                <nls description="Link to Sistema properties Auditoria subpage" languageCode="ja" name="Sistema Auditoria Link"/>
                <nls description="Link to Sistema properties Auditoria subpage" languageCode="ko" name="Sistema Auditoria Link"/>
                <nls description="Link to Sistema properties Auditoria subpage" languageCode="nl" name="Sistema Auditoria Link"/>
                <nls description="Link to Sistema properties Auditoria subpage" languageCode="no" name="Sistema Auditoria Link"/>
                <nls description="Link to Sistema properties Auditoria subpage" languageCode="pl" name="Sistema Auditoria Link"/>
                <nls description="Link to Sistema properties Auditoria subpage" languageCode="pt" name="Sistema Auditoria Link"/>
                <nls description="Link to Sistema properties Auditoria subpage" languageCode="ru" name="Sistema Auditoria Link"/>
                <nls description="Link to Sistema properties Auditoria subpage" languageCode="sv" name="Sistema Auditoria Link"/>
                <nls description="Link to Sistema properties Auditoria subpage" languageCode="tr" name="Sistema Auditoria Link"/>
                <nls description="Link to Sistema properties Auditoria subpage" languageCode="zh" name="Sistema Auditoria Link"/>
                <nls description="Link to Sistema properties Auditoria subpage" languageCode="zh_TW" name="Sistema Auditoria Link"/>
                <linkParam dataRef="odf_pk" dataSource="data" paramCode="id"/>
                <linkParam dataRef="obj_sistema.auditoria" dataSource="static" paramCode="odf_view"/>
                <linkParam dataRef="obj_sistema" dataSource="static" paramCode="odf_code"/>
              </link>
              <link action="SubPage.5161273.actionLink" active="true" code="obj_sistema.auditoria" isObjectInstanceLink="false" partitionCode="NIKU.ROOT" partitionMode="PARTITION_ONLY" system="true">
                <nls description="Geral 179 Subpàgina Auditoria 179 vincle" languageCode="ca" name="Geral 179 Subpàgina Auditoria 179 vincle"/>
                <nls description="Geral 179 – Dílčí stránka Auditoria 179 odkaz" languageCode="cs" name="Geral 179 – Dílčí stránka Auditoria 179 odkaz"/>
                <nls description="Geral 179 Underside Auditoria 179 hyperlink" languageCode="da" name="Geral 179 Underside Auditoria 179 hyperlink"/>
                <nls description="Geral 179 SubPage Auditoria 179 Verknüpfung" languageCode="de" name="Geral 179 SubPage Auditoria 179 Verknüpfung"/>
                <nls description="Geral 179 SubPage Auditoria 179 link" languageCode="en" name="Geral 179 SubPage Auditoria 179 link"/>
                <nls description="Geral 179 Subpágina Auditoria 179 vínculo" languageCode="es" name="Geral 179 Subpágina Auditoria 179 vínculo"/>
                <nls description="Kohteen Geral 179 alisivun linkki Auditoria 179" languageCode="fi" name="Kohteen Geral 179 alisivun linkki Auditoria 179"/>
                <nls description="Lien Auditoria 179 de sous-page Geral 179" languageCode="fr" name="Lien Auditoria 179 de sous-page Geral 179"/>
                <nls description="Geral 179 Aloldal Auditoria 179 hivatkozás" languageCode="hu" name="Geral 179 Aloldal Auditoria 179 hivatkozás"/>
                <nls description="Geral 179 Pagina secondaria Auditoria 179 collegamento" languageCode="it" name="Geral 179 Pagina secondaria Auditoria 179 collegamento"/>
                <nls description="Geral 179 サブページの Auditoria 179 リンク" languageCode="ja" name="Geral 179 サブページの Auditoria 179 リンク"/>
                <nls description="Geral 179 SubPage Auditoria 179 link" languageCode="ko" name="Geral 179 SubPage Auditoria 179 link"/>
                <nls description="Geral 179 Subpaginakoppeling Auditoria 179" languageCode="nl" name="Geral 179 Subpaginakoppeling Auditoria 179"/>
                <nls description="Geral 179 Underside Auditoria 179 kobling" languageCode="no" name="Geral 179 Underside Auditoria 179 kobling"/>
                <nls description="Geral 179 — Podstrona Auditoria 179 — łącze" languageCode="pl" name="Geral 179 — Podstrona Auditoria 179 — łącze"/>
                <nls description="Geral 179 Subpágina Auditoria 179 link" languageCode="pt" name="Geral 179 Subpágina Auditoria 179 link"/>
                <nls description="Ссылка на подстраницу Geral 179 Auditoria 179" languageCode="ru" name="Ссылка на подстраницу Geral 179 Auditoria 179"/>
                <nls description="Geral 179 Undersida Auditoria 179 länk" languageCode="sv" name="Geral 179 Undersida Auditoria 179 länk"/>
                <nls description="Geral 179 Alt Sayfası Auditoria 179 bağlantısı" languageCode="tr" name="Geral 179 Alt Sayfası Auditoria 179 bağlantısı"/>
                <nls description="Geral 179 子页面 Auditoria 179 链接" languageCode="zh" name="Geral 179 子页面 Auditoria 179 链接"/>
                <nls description="Geral 179 子頁面 Auditoria 179 連結" languageCode="zh_TW" name="Geral 179 子頁面 Auditoria 179 連結"/>
                <linkParam dataRef="odf_pk" dataSource="data" paramCode="id"/>
                <linkParam dataRef="obj_sistema.auditoria" dataSource="static" paramCode="odf_view"/>
                <linkParam dataRef="obj_sistema" dataSource="static" paramCode="odf_code"/>
              </link>
              <link action="SubPage.5161273.actionLink" active="true" code="obj_sistema.auditoria" isObjectInstanceLink="false" partitionCode="partition20" partitionMode="PARTITION_ONLY" system="true">
                <nls description="Geral 179 Subpàgina Auditoria 179 vincle" languageCode="ca" name="Geral 179 Subpàgina Auditoria 179 vincle"/>
                <nls description="Geral 179 – Dílčí stránka Auditoria 179 odkaz" languageCode="cs" name="Geral 179 – Dílčí stránka Auditoria 179 odkaz"/>
                <nls description="Geral 179 Underside Auditoria 179 hyperlink" languageCode="da" name="Geral 179 Underside Auditoria 179 hyperlink"/>
                <nls description="Geral 179 SubPage Auditoria 179 Verknüpfung" languageCode="de" name="Geral 179 SubPage Auditoria 179 Verknüpfung"/>
                <nls description="Geral 179 SubPage Auditoria 179 link" languageCode="en" name="Geral 179 SubPage Auditoria 179 link"/>
                <nls description="Geral 179 Subpágina Auditoria 179 vínculo" languageCode="es" name="Geral 179 Subpágina Auditoria 179 vínculo"/>
                <nls description="Kohteen Geral 179 alisivun linkki Auditoria 179" languageCode="fi" name="Kohteen Geral 179 alisivun linkki Auditoria 179"/>
                <nls description="Lien Auditoria 179 de sous-page Geral 179" languageCode="fr" name="Lien Auditoria 179 de sous-page Geral 179"/>
                <nls description="Geral 179 Aloldal Auditoria 179 hivatkozás" languageCode="hu" name="Geral 179 Aloldal Auditoria 179 hivatkozás"/>
                <nls description="Geral 179 Pagina secondaria Auditoria 179 collegamento" languageCode="it" name="Geral 179 Pagina secondaria Auditoria 179 collegamento"/>
                <nls description="Geral 179 サブページの Auditoria 179 リンク" languageCode="ja" name="Geral 179 サブページの Auditoria 179 リンク"/>
                <nls description="Geral 179 SubPage Auditoria 179 link" languageCode="ko" name="Geral 179 SubPage Auditoria 179 link"/>
                <nls description="Geral 179 Subpaginakoppeling Auditoria 179" languageCode="nl" name="Geral 179 Subpaginakoppeling Auditoria 179"/>
                <nls description="Geral 179 Underside Auditoria 179 kobling" languageCode="no" name="Geral 179 Underside Auditoria 179 kobling"/>
                <nls description="Geral 179 — Podstrona Auditoria 179 — łącze" languageCode="pl" name="Geral 179 — Podstrona Auditoria 179 — łącze"/>
                <nls description="Geral 179 Subpágina Auditoria 179 link" languageCode="pt" name="Geral 179 Subpágina Auditoria 179 link"/>
                <nls description="Ссылка на подстраницу Geral 179 Auditoria 179" languageCode="ru" name="Ссылка на подстраницу Geral 179 Auditoria 179"/>
                <nls description="Geral 179 Undersida Auditoria 179 länk" languageCode="sv" name="Geral 179 Undersida Auditoria 179 länk"/>
                <nls description="Geral 179 Alt Sayfası Auditoria 179 bağlantısı" languageCode="tr" name="Geral 179 Alt Sayfası Auditoria 179 bağlantısı"/>
                <nls description="Geral 179 子页面 Auditoria 179 链接" languageCode="zh" name="Geral 179 子页面 Auditoria 179 链接"/>
                <nls description="Geral 179 子頁面 Auditoria 179 連結" languageCode="zh_TW" name="Geral 179 子頁面 Auditoria 179 連結"/>
                <linkParam dataRef="odf_pk" dataSource="data" paramCode="id"/>
                <linkParam dataRef="obj_sistema" dataSource="static" paramCode="odf_code"/>
                <linkParam dataRef="obj_sistema.auditoria" dataSource="static" paramCode="odf_view"/>
              </link>
              
              
              
              <link action="SubPage.5164273.actionLink" active="true" code="obj_sistema.obj_sub_sistema.5104595.link" isObjectInstanceLink="false" partitionCode="NIKU.ROOT" partitionMode="PARTITION_ONLY" system="true">
                <nls description="Vincle en la vista de propietat Geral 179 establerta en la llista de subobjecte Sistema Sub sistema List" languageCode="ca" name="Geral 179 Subpàgina Sistema Sub sistema List vincle"/>
                <nls description="Odkaz v zobrazení sady vlastností Geral 179 na dílčí seznam objektů Sistema Sub sistema List" languageCode="cs" name="Geral 179 – Dílčí stránka Sistema Sub sistema List odkaz"/>
                <nls description="Hyperlink i egenskabsvisningen Geral 179 er konfigureret til underobjektlisten Sistema Sub sistema List" languageCode="da" name="Geral 179 Underside Sistema Sub sistema List hyperlink"/>
                <nls description="Verknüpfung in der Eigenschaftsansicht von {0} ist auf die Unterobjektliste {1} festgelegt" languageCode="de" name="Geral 179 SubPage Sistema Sub sistema List Verknüpfung"/>
                <nls description="Link in the Geral 179 property view set to the sub object list Sistema Sub sistema List" languageCode="en" name="Geral 179 SubPage Sistema Sub sistema List link"/>
                <nls description="Vínculo en la vista de propiedad Geral 179 establecida en la lista de subobjeto Sistema Sub sistema List" languageCode="es" name="Geral 179 Subpágina Sistema Sub sistema List vínculo"/>
                <nls description="Linkitä ominaisuusnäkymään Geral 179, joka määrittää aliobjektiluettelon Sistema Sub sistema List" languageCode="fi" name="Kohteen Geral 179 alisivun linkki Sistema Sub sistema List"/>
                <nls description="Le lien dans la vue des propriétés Geral 179 est défini sur la liste des sous-objets Sistema Sub sistema List." languageCode="fr" name="Lien Sistema Sub sistema List de sous-page Geral 179"/>
                <nls description="A(z) Sistema Sub sistema List alobjektumlistához beállított Geral 179 tulajdonságnézet hivatkozása" languageCode="hu" name="Geral 179 Aloldal Sistema Sub sistema List hivatkozás"/>
                <nls description="Collegamento nella visualizzazione della proprietà Geral 179 impostato sullelenco di oggetti secondari {1}" languageCode="it" name="Geral 179 Pagina secondaria Sistema Sub sistema List collegamento"/>
                <nls description="[Geral 179] プロパティ ビュー内のリンクがサブ オブジェクト リスト [Sistema Sub sistema List] に設定されている" languageCode="ja" name="Geral 179 サブページの Sistema Sub sistema List リンク"/>
                <nls description="Link in the Geral 179 property view set to the sub object list Sistema Sub sistema List" languageCode="ko" name="Geral 179 SubPage Sistema Sub sistema List link"/>
                <nls description="Koppeling in de Geral 179 eigenschappenweergave is ingesteld voor de subobjectlijst Sistema Sub sistema List" languageCode="nl" name="Geral 179 Subpaginakoppeling Sistema Sub sistema List"/>
                <nls description="Koblingen i egenskapsvisningen Geral 179 er satt til delobjektlisten Sistema Sub sistema List" languageCode="no" name="Geral 179 Underside Sistema Sub sistema List kobling"/>
                <nls description="Łącze w widoku właściwości Geral 179 jest ustawione na listę podobiektów Sistema Sub sistema List" languageCode="pl" name="Geral 179 — Podstrona Sistema Sub sistema List — łącze"/>
                <nls description="Link na visualização de propriedades Geral 179 definida para a sublista de objeto Sistema Sub sistema List" languageCode="pt" name="Geral 179 Subpágina Sistema Sub sistema List link"/>
                <nls description="Ссылка в наборе представлений для свойства Geral 179 на список вложенных объектов Sistema Sub sistema List" languageCode="ru" name="Ссылка на подстраницу Geral 179 Sistema Sub sistema List"/>
                <nls description="Länk i Geral 179 egenskapsvyn inställd på underobjektslista Sistema Sub sistema List" languageCode="sv" name="Geral 179 Undersida Sistema Sub sistema List länk"/>
                <nls description="Geral 179 özellik görünümündeki bağlantı, Sistema Sub sistema List alt nesne listesine ayarlı" languageCode="tr" name="Geral 179 Alt Sayfası Sistema Sub sistema List bağlantısı"/>
                <nls description="Geral 179属性视图中的链接被设置为子对象列表 Sistema Sub sistema List" languageCode="zh" name="Geral 179 子页面 Sistema Sub sistema List 链接"/>
                <nls description="Geral 179 內容檢視中的連結設定至子物件清單 Sistema Sub sistema List" languageCode="zh_TW" name="Geral 179 子頁面 Sistema Sub sistema List 連結"/>
                <linkParam dataRef="odf_pk" dataSource="data" paramCode="id"/>
                <linkParam dataRef="obj_sistemaCreate.subObjList.obj_sub_sistema" dataSource="static" paramCode="odf_view"/>
                <linkParam dataRef="obj_sistema" dataSource="static" paramCode="odf_code"/>
                <linkParam dataRef="odf_pk" dataSource="data" paramCode="odf_parent_id"/>
                <linkParam dataRef="odf_pk" dataSource="data" paramCode="odf_cncrt_parent_id"/>
              </link>
              <link action="SubPage.5164273.actionLink" active="true" code="obj_sistema.obj_sub_sistema.5104595.link" isObjectInstanceLink="false" partitionCode="NIKU.ROOT" partitionMode="PARTITION_ONLY" system="true">
                <nls description="Geral 179 Subpàgina Sub sistema - Lista vincle" languageCode="ca" name="Geral 179 Subpàgina Sub sistema - Lista vincle"/>
                <nls description="Geral 179 – Dílčí stránka Sub sistema - Lista odkaz" languageCode="cs" name="Geral 179 – Dílčí stránka Sub sistema - Lista odkaz"/>
                <nls description="Geral 179 Underside Sub sistema - Lista hyperlink" languageCode="da" name="Geral 179 Underside Sub sistema - Lista hyperlink"/>
                <nls description="Geral 179 SubPage Sub sistema - Lista Verknüpfung" languageCode="de" name="Geral 179 SubPage Sub sistema - Lista Verknüpfung"/>
                <nls description="Geral 179 SubPage Sub sistema - Lista link" languageCode="en" name="Geral 179 SubPage Sub sistema - Lista link"/>
                <nls description="Geral 179 Subpágina Sub sistema - Lista vínculo" languageCode="es" name="Geral 179 Subpágina Sub sistema - Lista vínculo"/>
                <nls description="Kohteen Geral 179 alisivun linkki Sub sistema - Lista" languageCode="fi" name="Kohteen Geral 179 alisivun linkki Sub sistema - Lista"/>
                <nls description="Lien Sub sistema - Lista de sous-page Geral 179" languageCode="fr" name="Lien Sub sistema - Lista de sous-page Geral 179"/>
                <nls description="Geral 179 Aloldal Sub sistema - Lista hivatkozás" languageCode="hu" name="Geral 179 Aloldal Sub sistema - Lista hivatkozás"/>
                <nls description="Geral 179 Pagina secondaria Sub sistema - Lista collegamento" languageCode="it" name="Geral 179 Pagina secondaria Sub sistema - Lista collegamento"/>
                <nls description="Geral 179 サブページの Sub sistema - Lista リンク" languageCode="ja" name="Geral 179 サブページの Sub sistema - Lista リンク"/>
                <nls description="Geral 179 SubPage Sub sistema - Lista link" languageCode="ko" name="Geral 179 SubPage Sub sistema - Lista link"/>
                <nls description="Geral 179 Subpaginakoppeling Sub sistema - Lista" languageCode="nl" name="Geral 179 Subpaginakoppeling Sub sistema - Lista"/>
                <nls description="Geral 179 Underside Sub sistema - Lista kobling" languageCode="no" name="Geral 179 Underside Sub sistema - Lista kobling"/>
                <nls description="Geral 179 — Podstrona Sub sistema - Lista — łącze" languageCode="pl" name="Geral 179 — Podstrona Sub sistema - Lista — łącze"/>
                <nls description="Geral 179 Subpágina Sub sistema - Lista link" languageCode="pt" name="Geral 179 Subpágina Sub sistema - Lista link"/>
                <nls description="Ссылка на подстраницу Geral 179 Sub sistema - Lista" languageCode="ru" name="Ссылка на подстраницу Geral 179 Sub sistema - Lista"/>
                <nls description="Geral 179 Undersida Sub sistema - Lista länk" languageCode="sv" name="Geral 179 Undersida Sub sistema - Lista länk"/>
                <nls description="Geral 179 Alt Sayfası Sub sistema - Lista bağlantısı" languageCode="tr" name="Geral 179 Alt Sayfası Sub sistema - Lista bağlantısı"/>
                <nls description="Geral 179 子页面 Sub sistema - Lista 链接" languageCode="zh" name="Geral 179 子页面 Sub sistema - Lista 链接"/>
                <nls description="Geral 179 子頁面 Sub sistema - Lista 連結" languageCode="zh_TW" name="Geral 179 子頁面 Sub sistema - Lista 連結"/>
                <linkParam dataRef="odf_pk" dataSource="data" paramCode="id"/>
                <linkParam dataRef="obj_sistema" dataSource="static" paramCode="odf_code"/>
                <linkParam dataRef="obj_sistemaCreate.subObjList.obj_sub_sistema" dataSource="static" paramCode="odf_view"/>
              </link>
              <link action="SubPage.5164273.actionLink" active="true" code="obj_sistema.obj_sub_sistema.5104595.link" isObjectInstanceLink="false" partitionCode="partition20" partitionMode="PARTITION_ONLY" system="true">
                <nls description="Geral 179 Subpàgina Sub sistema - Lista vincle" languageCode="ca" name="Geral 179 Subpàgina Sub sistema - Lista vincle"/>
                <nls description="Geral 179 – Dílčí stránka Sub sistema - Lista odkaz" languageCode="cs" name="Geral 179 – Dílčí stránka Sub sistema - Lista odkaz"/>
                <nls description="Geral 179 Underside Sub sistema - Lista hyperlink" languageCode="da" name="Geral 179 Underside Sub sistema - Lista hyperlink"/>
                <nls description="Geral 179 SubPage Sub sistema - Lista Verknüpfung" languageCode="de" name="Geral 179 SubPage Sub sistema - Lista Verknüpfung"/>
                <nls description="Geral 179 SubPage Sub sistema - Lista link" languageCode="en" name="Geral 179 SubPage Sub sistema - Lista link"/>
                <nls description="Geral 179 Subpágina Sub sistema - Lista vínculo" languageCode="es" name="Geral 179 Subpágina Sub sistema - Lista vínculo"/>
                <nls description="Kohteen Geral 179 alisivun linkki Sub sistema - Lista" languageCode="fi" name="Kohteen Geral 179 alisivun linkki Sub sistema - Lista"/>
                <nls description="Lien Sub sistema - Lista de sous-page Geral 179" languageCode="fr" name="Lien Sub sistema - Lista de sous-page Geral 179"/>
                <nls description="Geral 179 Aloldal Sub sistema - Lista hivatkozás" languageCode="hu" name="Geral 179 Aloldal Sub sistema - Lista hivatkozás"/>
                <nls description="Geral 179 Pagina secondaria Sub sistema - Lista collegamento" languageCode="it" name="Geral 179 Pagina secondaria Sub sistema - Lista collegamento"/>
                <nls description="Geral 179 サブページの Sub sistema - Lista リンク" languageCode="ja" name="Geral 179 サブページの Sub sistema - Lista リンク"/>
                <nls description="Geral 179 SubPage Sub sistema - Lista link" languageCode="ko" name="Geral 179 SubPage Sub sistema - Lista link"/>
                <nls description="Geral 179 Subpaginakoppeling Sub sistema - Lista" languageCode="nl" name="Geral 179 Subpaginakoppeling Sub sistema - Lista"/>
                <nls description="Geral 179 Underside Sub sistema - Lista kobling" languageCode="no" name="Geral 179 Underside Sub sistema - Lista kobling"/>
                <nls description="Geral 179 — Podstrona Sub sistema - Lista — łącze" languageCode="pl" name="Geral 179 — Podstrona Sub sistema - Lista — łącze"/>
                <nls description="Geral 179 Subpágina Sub sistema - Lista link" languageCode="pt" name="Geral 179 Subpágina Sub sistema - Lista link"/>
                <nls description="Ссылка на подстраницу Geral 179 Sub sistema - Lista" languageCode="ru" name="Ссылка на подстраницу Geral 179 Sub sistema - Lista"/>
                <nls description="Geral 179 Undersida Sub sistema - Lista länk" languageCode="sv" name="Geral 179 Undersida Sub sistema - Lista länk"/>
                <nls description="Geral 179 Alt Sayfası Sub sistema - Lista bağlantısı" languageCode="tr" name="Geral 179 Alt Sayfası Sub sistema - Lista bağlantısı"/>
                <nls description="Geral 179 子页面 Sub sistema - Lista 链接" languageCode="zh" name="Geral 179 子页面 Sub sistema - Lista 链接"/>
                <nls description="Geral 179 子頁面 Sub sistema - Lista 連結" languageCode="zh_TW" name="Geral 179 子頁面 Sub sistema - Lista 連結"/>
                <linkParam dataRef="odf_pk" dataSource="data" paramCode="id"/>
                <linkParam dataRef="obj_sistema" dataSource="static" paramCode="odf_code"/>
                <linkParam dataRef="obj_sistemaCreate.subObjList.obj_sub_sistema" dataSource="static" paramCode="odf_view"/>
              </link>
              
            </links>
            <displayMappings/>
            <scoreContributions/>
            
            <autonumbering>
              
            </autonumbering>
            
          </object>
        </objects>
        
      </contentPack>
      
    </NikuDataBus>